new_name,original_name
00000.png,Bulk_0.png
00001.png,Bulk_1.png
00002.png,Bulk_10.png
00003.png,Bulk_100.png
00004.png,Bulk_101.png
00005.png,Bulk_102.png
00006.png,Bulk_103.png
00007.png,Bulk_104.png
00008.png,Bulk_105.png
00009.png,Bulk_106.png
00010.png,Bulk_107.png
00011.png,Bulk_108.png
00012.png,Bulk_109.png
00013.png,Bulk_11.png
00014.png,Bulk_110.png
00015.png,Bulk_111.png
00016.png,Bulk_112.png
00017.png,Bulk_113.png
00018.png,Bulk_114.png
00019.png,Bulk_115.png
00020.png,Bulk_116.png
00021.png,Bulk_117.png
00022.png,Bulk_118.png
00023.png,Bulk_119.png
00024.png,Bulk_12.png
00025.png,Bulk_120.png
00026.png,Bulk_121.png
00027.png,Bulk_122.png
00028.png,Bulk_123.png
00029.png,Bulk_124.png
00030.png,Bulk_125.png
00031.png,Bulk_126.png
00032.png,Bulk_127.png
00033.png,Bulk_128.png
00034.png,Bulk_129.png
00035.png,Bulk_13.png
00036.png,Bulk_130.png
00037.png,Bulk_131.png
00038.png,Bulk_132.png
00039.png,Bulk_133.png
00040.png,Bulk_134.png
00041.png,Bulk_135.png
00042.png,Bulk_136.png
00043.png,Bulk_137.png
00044.png,Bulk_138.png
00045.png,Bulk_139.png
00046.png,Bulk_14.png
00047.png,Bulk_140.png
00048.png,Bulk_141.png
00049.png,Bulk_142.png
00050.png,Bulk_143.png
00051.png,Bulk_144.png
00052.png,Bulk_145.png
00053.png,Bulk_146.png
00054.png,Bulk_147.png
00055.png,Bulk_148.png
00056.png,Bulk_149.png
00057.png,Bulk_15.png
00058.png,Bulk_150.png
00059.png,Bulk_151.png
00060.png,Bulk_152.png
00061.png,Bulk_153.png
00062.png,Bulk_154.png
00063.png,Bulk_155.png
00064.png,Bulk_156.png
00065.png,Bulk_157.png
00066.png,Bulk_158.png
00067.png,Bulk_159.png
00068.png,Bulk_16.png
00069.png,Bulk_160.png
00070.png,Bulk_161.png
00071.png,Bulk_162.png
00072.png,Bulk_163.png
00073.png,Bulk_164.png
00074.png,Bulk_165.png
00075.png,Bulk_166.png
00076.png,Bulk_167.png
00077.png,Bulk_168.png
00078.png,Bulk_169.png
00079.png,Bulk_17.png
00080.png,Bulk_170.png
00081.png,Bulk_171.png
00082.png,Bulk_172.png
00083.png,Bulk_173.png
00084.png,Bulk_174.png
00085.png,Bulk_175.png
00086.png,Bulk_176.png
00087.png,Bulk_177.png
00088.png,Bulk_178.png
00089.png,Bulk_179.png
00090.png,Bulk_18.png
00091.png,Bulk_180.png
00092.png,Bulk_181.png
00093.png,Bulk_182.png
00094.png,Bulk_183.png
00095.png,Bulk_184.png
00096.png,Bulk_19.png
00097.png,Bulk_2.png
00098.png,Bulk_20.png
00099.png,Bulk_21.png
00100.png,Bulk_22.png
00101.png,Bulk_23.png
00102.png,Bulk_24.png
00103.png,Bulk_25.png
00104.png,Bulk_26.png
00105.png,Bulk_27.png
00106.png,Bulk_28.png
00107.png,Bulk_29.png
00108.png,Bulk_3.png
00109.png,Bulk_30.png
00110.png,Bulk_31.png
00111.png,Bulk_32.png
00112.png,Bulk_33.png
00113.png,Bulk_34.png
00114.png,Bulk_35.png
00115.png,Bulk_36.png
00116.png,Bulk_37.png
00117.png,Bulk_38.png
00118.png,Bulk_39.png
00119.png,Bulk_4.png
00120.png,Bulk_40.png
00121.png,Bulk_41.png
00122.png,Bulk_42.png
00123.png,Bulk_43.png
00124.png,Bulk_44.png
00125.png,Bulk_45.png
00126.png,Bulk_46.png
00127.png,Bulk_47.png
00128.png,Bulk_48.png
00129.png,Bulk_49.png
00130.png,Bulk_5.png
00131.png,Bulk_50.png
00132.png,Bulk_51.png
00133.png,Bulk_52.png
00134.png,Bulk_53.png
00135.png,Bulk_54.png
00136.png,Bulk_55.png
00137.png,Bulk_56.png
00138.png,Bulk_57.png
00139.png,Bulk_58.png
00140.png,Bulk_59.png
00141.png,Bulk_6.png
00142.png,Bulk_60.png
00143.png,Bulk_61.png
00144.png,Bulk_62.png
00145.png,Bulk_63.png
00146.png,Bulk_64.png
00147.png,Bulk_65.png
00148.png,Bulk_66.png
00149.png,Bulk_67.png
00150.png,Bulk_68.png
00151.png,Bulk_69.png
00152.png,Bulk_7.png
00153.png,Bulk_70.png
00154.png,Bulk_71.png
00155.png,Bulk_72.png
00156.png,Bulk_73.png
00157.png,Bulk_74.png
00158.png,Bulk_75.png
00159.png,Bulk_76.png
00160.png,Bulk_77.png
00161.png,Bulk_78.png
00162.png,Bulk_79.png
00163.png,Bulk_8.png
00164.png,Bulk_80.png
00165.png,Bulk_81.png
00166.png,Bulk_82.png
00167.png,Bulk_83.png
00168.png,Bulk_84.png
00169.png,Bulk_85.png
00170.png,Bulk_86.png
00171.png,Bulk_87.png
00172.png,Bulk_88.png
00173.png,Bulk_89.png
00174.png,Bulk_9.png
00175.png,Bulk_90.png
00176.png,Bulk_91.png
00177.png,Bulk_92.png
00178.png,Bulk_93.png
00179.png,Bulk_94.png
00180.png,Bulk_95.png
00181.png,Bulk_96.png
00182.png,Bulk_97.png
00183.png,Bulk_98.png
00184.png,Bulk_99.png
00185.png,LC_0.png
00186.png,LC_1.png
00187.png,LC_10.png
00188.png,LC_100.png
00189.png,LC_101.png
00190.png,LC_102.png
00191.png,LC_103.png
00192.png,LC_104.png
00193.png,LC_105.png
00194.png,LC_106.png
00195.png,LC_107.png
00196.png,LC_108.png
00197.png,LC_109.png
00198.png,LC_11.png
00199.png,LC_110.png
00200.png,LC_111.png
00201.png,LC_112.png
00202.png,LC_113.png
00203.png,LC_114.png
00204.png,LC_115.png
00205.png,LC_116.png
00206.png,LC_117.png
00207.png,LC_118.png
00208.png,LC_119.png
00209.png,LC_12.png
00210.png,LC_120.png
00211.png,LC_121.png
00212.png,LC_122.png
00213.png,LC_123.png
00214.png,LC_124.png
00215.png,LC_125.png
00216.png,LC_126.png
00217.png,LC_127.png
00218.png,LC_128.png
00219.png,LC_129.png
00220.png,LC_13.png
00221.png,LC_130.png
00222.png,LC_131.png
00223.png,LC_132.png
00224.png,LC_133.png
00225.png,LC_134.png
00226.png,LC_135.png
00227.png,LC_136.png
00228.png,LC_137.png
00229.png,LC_138.png
00230.png,LC_139.png
00231.png,LC_14.png
00232.png,LC_140.png
00233.png,LC_141.png
00234.png,LC_142.png
00235.png,LC_143.png
00236.png,LC_144.png
00237.png,LC_145.png
00238.png,LC_146.png
00239.png,LC_147.png
00240.png,LC_148.png
00241.png,LC_149.png
00242.png,LC_15.png
00243.png,LC_150.png
00244.png,LC_151.png
00245.png,LC_152.png
00246.png,LC_153.png
00247.png,LC_154.png
00248.png,LC_155.png
00249.png,LC_156.png
00250.png,LC_157.png
00251.png,LC_158.png
00252.png,LC_159.png
00253.png,LC_16.png
00254.png,LC_160.png
00255.png,LC_161.png
00256.png,LC_162.png
00257.png,LC_163.png
00258.png,LC_164.png
00259.png,LC_165.png
00260.png,LC_166.png
00261.png,LC_167.png
00262.png,LC_168.png
00263.png,LC_169.png
00264.png,LC_17.png
00265.png,LC_170.png
00266.png,LC_171.png
00267.png,LC_172.png
00268.png,LC_173.png
00269.png,LC_174.png
00270.png,LC_175.png
00271.png,LC_176.png
00272.png,LC_177.png
00273.png,LC_178.png
00274.png,LC_179.png
00275.png,LC_18.png
00276.png,LC_180.png
00277.png,LC_181.png
00278.png,LC_182.png
00279.png,LC_19.png
00280.png,LC_2.png
00281.png,LC_20.png
00282.png,LC_21.png
00283.png,LC_22.png
00284.png,LC_23.png
00285.png,LC_24.png
00286.png,LC_25.png
00287.png,LC_26.png
00288.png,LC_27.png
00289.png,LC_28.png
00290.png,LC_29.png
00291.png,LC_3.png
00292.png,LC_30.png
00293.png,LC_31.png
00294.png,LC_32.png
00295.png,LC_33.png
00296.png,LC_34.png
00297.png,LC_35.png
00298.png,LC_36.png
00299.png,LC_37.png
00300.png,LC_38.png
00301.png,LC_39.png
00302.png,LC_4.png
00303.png,LC_40.png
00304.png,LC_41.png
00305.png,LC_42.png
00306.png,LC_43.png
00307.png,LC_44.png
00308.png,LC_45.png
00309.png,LC_46.png
00310.png,LC_47.png
00311.png,LC_48.png
00312.png,LC_49.png
00313.png,LC_5.png
00314.png,LC_50.png
00315.png,LC_51.png
00316.png,LC_52.png
00317.png,LC_53.png
00318.png,LC_54.png
00319.png,LC_55.png
00320.png,LC_56.png
00321.png,LC_57.png
00322.png,LC_58.png
00323.png,LC_59.png
00324.png,LC_6.png
00325.png,LC_60.png
00326.png,LC_61.png
00327.png,LC_62.png
00328.png,LC_63.png
00329.png,LC_64.png
00330.png,LC_65.png
00331.png,LC_66.png
00332.png,LC_67.png
00333.png,LC_68.png
00334.png,LC_69.png
00335.png,LC_7.png
00336.png,LC_70.png
00337.png,LC_71.png
00338.png,LC_72.png
00339.png,LC_73.png
00340.png,LC_74.png
00341.png,LC_75.png
00342.png,LC_76.png
00343.png,LC_77.png
00344.png,LC_78.png
00345.png,LC_79.png
00346.png,LC_8.png
00347.png,LC_80.png
00348.png,LC_81.png
00349.png,LC_82.png
00350.png,LC_83.png
00351.png,LC_84.png
00352.png,LC_85.png
00353.png,LC_86.png
00354.png,LC_87.png
00355.png,LC_88.png
00356.png,LC_89.png
00357.png,LC_9.png
00358.png,LC_90.png
00359.png,LC_91.png
00360.png,LC_92.png
00361.png,LC_93.png
00362.png,LC_94.png
00363.png,LC_95.png
00364.png,LC_96.png
00365.png,LC_97.png
00366.png,LC_98.png
00367.png,LC_99.png
00368.png,SF1_0.png
00369.png,SF1_1.png
00370.png,SF1_10.png
00371.png,SF1_100.png
00372.png,SF1_101.png
00373.png,SF1_102.png
00374.png,SF1_103.png
00375.png,SF1_104.png
00376.png,SF1_105.png
00377.png,SF1_106.png
00378.png,SF1_107.png
00379.png,SF1_108.png
00380.png,SF1_109.png
00381.png,SF1_11.png
00382.png,SF1_110.png
00383.png,SF1_111.png
00384.png,SF1_112.png
00385.png,SF1_113.png
00386.png,SF1_114.png
00387.png,SF1_115.png
00388.png,SF1_116.png
00389.png,SF1_117.png
00390.png,SF1_118.png
00391.png,SF1_119.png
00392.png,SF1_12.png
00393.png,SF1_120.png
00394.png,SF1_121.png
00395.png,SF1_122.png
00396.png,SF1_123.png
00397.png,SF1_124.png
00398.png,SF1_125.png
00399.png,SF1_126.png
00400.png,SF1_127.png
00401.png,SF1_128.png
00402.png,SF1_129.png
00403.png,SF1_13.png
00404.png,SF1_130.png
00405.png,SF1_131.png
00406.png,SF1_132.png
00407.png,SF1_133.png
00408.png,SF1_134.png
00409.png,SF1_135.png
00410.png,SF1_136.png
00411.png,SF1_137.png
00412.png,SF1_138.png
00413.png,SF1_139.png
00414.png,SF1_14.png
00415.png,SF1_140.png
00416.png,SF1_141.png
00417.png,SF1_142.png
00418.png,SF1_143.png
00419.png,SF1_144.png
00420.png,SF1_145.png
00421.png,SF1_146.png
00422.png,SF1_147.png
00423.png,SF1_148.png
00424.png,SF1_149.png
00425.png,SF1_15.png
00426.png,SF1_150.png
00427.png,SF1_151.png
00428.png,SF1_152.png
00429.png,SF1_153.png
00430.png,SF1_154.png
00431.png,SF1_155.png
00432.png,SF1_156.png
00433.png,SF1_157.png
00434.png,SF1_158.png
00435.png,SF1_159.png
00436.png,SF1_16.png
00437.png,SF1_160.png
00438.png,SF1_161.png
00439.png,SF1_162.png
00440.png,SF1_163.png
00441.png,SF1_164.png
00442.png,SF1_165.png
00443.png,SF1_166.png
00444.png,SF1_167.png
00445.png,SF1_168.png
00446.png,SF1_169.png
00447.png,SF1_17.png
00448.png,SF1_170.png
00449.png,SF1_171.png
00450.png,SF1_172.png
00451.png,SF1_173.png
00452.png,SF1_174.png
00453.png,SF1_175.png
00454.png,SF1_176.png
00455.png,SF1_177.png
00456.png,SF1_178.png
00457.png,SF1_179.png
00458.png,SF1_18.png
00459.png,SF1_180.png
00460.png,SF1_19.png
00461.png,SF1_2.png
00462.png,SF1_20.png
00463.png,SF1_21.png
00464.png,SF1_22.png
00465.png,SF1_23.png
00466.png,SF1_24.png
00467.png,SF1_25.png
00468.png,SF1_26.png
00469.png,SF1_27.png
00470.png,SF1_28.png
00471.png,SF1_29.png
00472.png,SF1_3.png
00473.png,SF1_30.png
00474.png,SF1_31.png
00475.png,SF1_32.png
00476.png,SF1_33.png
00477.png,SF1_34.png
00478.png,SF1_35.png
00479.png,SF1_36.png
00480.png,SF1_37.png
00481.png,SF1_38.png
00482.png,SF1_39.png
00483.png,SF1_4.png
00484.png,SF1_40.png
00485.png,SF1_41.png
00486.png,SF1_42.png
00487.png,SF1_43.png
00488.png,SF1_44.png
00489.png,SF1_45.png
00490.png,SF1_46.png
00491.png,SF1_47.png
00492.png,SF1_48.png
00493.png,SF1_49.png
00494.png,SF1_5.png
00495.png,SF1_50.png
00496.png,SF1_51.png
00497.png,SF1_52.png
00498.png,SF1_53.png
00499.png,SF1_54.png
00500.png,SF1_55.png
00501.png,SF1_56.png
00502.png,SF1_57.png
00503.png,SF1_58.png
00504.png,SF1_59.png
00505.png,SF1_6.png
00506.png,SF1_60.png
00507.png,SF1_61.png
00508.png,SF1_62.png
00509.png,SF1_63.png
00510.png,SF1_64.png
00511.png,SF1_65.png
00512.png,SF1_66.png
00513.png,SF1_67.png
00514.png,SF1_68.png
00515.png,SF1_69.png
00516.png,SF1_7.png
00517.png,SF1_70.png
00518.png,SF1_71.png
00519.png,SF1_72.png
00520.png,SF1_73.png
00521.png,SF1_74.png
00522.png,SF1_75.png
00523.png,SF1_76.png
00524.png,SF1_77.png
00525.png,SF1_78.png
00526.png,SF1_79.png
00527.png,SF1_8.png
00528.png,SF1_80.png
00529.png,SF1_81.png
00530.png,SF1_82.png
00531.png,SF1_83.png
00532.png,SF1_84.png
00533.png,SF1_85.png
00534.png,SF1_86.png
00535.png,SF1_87.png
00536.png,SF1_88.png
00537.png,SF1_89.png
00538.png,SF1_9.png
00539.png,SF1_90.png
00540.png,SF1_91.png
00541.png,SF1_92.png
00542.png,SF1_93.png
00543.png,SF1_94.png
00544.png,SF1_95.png
00545.png,SF1_96.png
00546.png,SF1_97.png
00547.png,SF1_98.png
00548.png,SF1_99.png
00549.png,SF2_0.png
00550.png,SF2_1.png
00551.png,SF2_10.png
00552.png,SF2_100.png
00553.png,SF2_101.png
00554.png,SF2_102.png
00555.png,SF2_103.png
00556.png,SF2_104.png
00557.png,SF2_105.png
00558.png,SF2_106.png
00559.png,SF2_107.png
00560.png,SF2_108.png
00561.png,SF2_109.png
00562.png,SF2_11.png
00563.png,SF2_110.png
00564.png,SF2_111.png
00565.png,SF2_112.png
00566.png,SF2_113.png
00567.png,SF2_114.png
00568.png,SF2_115.png
00569.png,SF2_116.png
00570.png,SF2_117.png
00571.png,SF2_118.png
00572.png,SF2_119.png
00573.png,SF2_12.png
00574.png,SF2_120.png
00575.png,SF2_121.png
00576.png,SF2_122.png
00577.png,SF2_123.png
00578.png,SF2_124.png
00579.png,SF2_125.png
00580.png,SF2_126.png
00581.png,SF2_127.png
00582.png,SF2_128.png
00583.png,SF2_129.png
00584.png,SF2_13.png
00585.png,SF2_130.png
00586.png,SF2_131.png
00587.png,SF2_14.png
00588.png,SF2_15.png
00589.png,SF2_16.png
00590.png,SF2_17.png
00591.png,SF2_18.png
00592.png,SF2_19.png
00593.png,SF2_2.png
00594.png,SF2_20.png
00595.png,SF2_21.png
00596.png,SF2_22.png
00597.png,SF2_23.png
00598.png,SF2_24.png
00599.png,SF2_25.png
00600.png,SF2_26.png
00601.png,SF2_27.png
00602.png,SF2_28.png
00603.png,SF2_29.png
00604.png,SF2_3.png
00605.png,SF2_30.png
00606.png,SF2_31.png
00607.png,SF2_32.png
00608.png,SF2_33.png
00609.png,SF2_34.png
00610.png,SF2_35.png
00611.png,SF2_36.png
00612.png,SF2_37.png
00613.png,SF2_38.png
00614.png,SF2_39.png
00615.png,SF2_4.png
00616.png,SF2_40.png
00617.png,SF2_41.png
00618.png,SF2_42.png
00619.png,SF2_43.png
00620.png,SF2_44.png
00621.png,SF2_45.png
00622.png,SF2_46.png
00623.png,SF2_47.png
00624.png,SF2_48.png
00625.png,SF2_49.png
00626.png,SF2_5.png
00627.png,SF2_50.png
00628.png,SF2_51.png
00629.png,SF2_52.png
00630.png,SF2_53.png
00631.png,SF2_54.png
00632.png,SF2_55.png
00633.png,SF2_56.png
00634.png,SF2_57.png
00635.png,SF2_58.png
00636.png,SF2_59.png
00637.png,SF2_6.png
00638.png,SF2_60.png
00639.png,SF2_61.png
00640.png,SF2_62.png
00641.png,SF2_63.png
00642.png,SF2_64.png
00643.png,SF2_65.png
00644.png,SF2_66.png
00645.png,SF2_67.png
00646.png,SF2_68.png
00647.png,SF2_69.png
00648.png,SF2_7.png
00649.png,SF2_70.png
00650.png,SF2_71.png
00651.png,SF2_72.png
00652.png,SF2_73.png
00653.png,SF2_74.png
00654.png,SF2_75.png
00655.png,SF2_76.png
00656.png,SF2_77.png
00657.png,SF2_78.png
00658.png,SF2_79.png
00659.png,SF2_8.png
00660.png,SF2_80.png
00661.png,SF2_81.png
00662.png,SF2_82.png
00663.png,SF2_83.png
00664.png,SF2_84.png
00665.png,SF2_85.png
00666.png,SF2_86.png
00667.png,SF2_87.png
00668.png,SF2_88.png
00669.png,SF2_89.png
00670.png,SF2_9.png
00671.png,SF2_90.png
00672.png,SF2_91.png
00673.png,SF2_92.png
00674.png,SF2_93.png
00675.png,SF2_94.png
00676.png,SF2_95.png
00677.png,SF2_96.png
00678.png,SF2_97.png
00679.png,SF2_98.png
00680.png,SF2_99.png
00681.png,Twin_Bound_0.png
00682.png,Twin_Bound_1.png
00683.png,Twin_Bound_10.png
00684.png,Twin_Bound_100.png
00685.png,Twin_Bound_101.png
00686.png,Twin_Bound_102.png
00687.png,Twin_Bound_103.png
00688.png,Twin_Bound_104.png
00689.png,Twin_Bound_105.png
00690.png,Twin_Bound_106.png
00691.png,Twin_Bound_107.png
00692.png,Twin_Bound_108.png
00693.png,Twin_Bound_11.png
00694.png,Twin_Bound_12.png
00695.png,Twin_Bound_13.png
00696.png,Twin_Bound_14.png
00697.png,Twin_Bound_15.png
00698.png,Twin_Bound_16.png
00699.png,Twin_Bound_17.png
00700.png,Twin_Bound_18.png
00701.png,Twin_Bound_19.png
00702.png,Twin_Bound_2.png
00703.png,Twin_Bound_20.png
00704.png,Twin_Bound_21.png
00705.png,Twin_Bound_22.png
00706.png,Twin_Bound_23.png
00707.png,Twin_Bound_24.png
00708.png,Twin_Bound_25.png
00709.png,Twin_Bound_26.png
00710.png,Twin_Bound_27.png
00711.png,Twin_Bound_28.png
00712.png,Twin_Bound_29.png
00713.png,Twin_Bound_3.png
00714.png,Twin_Bound_30.png
00715.png,Twin_Bound_31.png
00716.png,Twin_Bound_32.png
00717.png,Twin_Bound_33.png
00718.png,Twin_Bound_34.png
00719.png,Twin_Bound_35.png
00720.png,Twin_Bound_36.png
00721.png,Twin_Bound_37.png
00722.png,Twin_Bound_38.png
00723.png,Twin_Bound_39.png
00724.png,Twin_Bound_4.png
00725.png,Twin_Bound_40.png
00726.png,Twin_Bound_41.png
00727.png,Twin_Bound_42.png
00728.png,Twin_Bound_43.png
00729.png,Twin_Bound_44.png
00730.png,Twin_Bound_45.png
00731.png,Twin_Bound_46.png
00732.png,Twin_Bound_47.png
00733.png,Twin_Bound_48.png
00734.png,Twin_Bound_49.png
00735.png,Twin_Bound_5.png
00736.png,Twin_Bound_50.png
00737.png,Twin_Bound_51.png
00738.png,Twin_Bound_52.png
00739.png,Twin_Bound_53.png
00740.png,Twin_Bound_54.png
00741.png,Twin_Bound_55.png
00742.png,Twin_Bound_56.png
00743.png,Twin_Bound_57.png
00744.png,Twin_Bound_58.png
00745.png,Twin_Bound_59.png
00746.png,Twin_Bound_6.png
00747.png,Twin_Bound_60.png
00748.png,Twin_Bound_61.png
00749.png,Twin_Bound_62.png
00750.png,Twin_Bound_63.png
00751.png,Twin_Bound_64.png
00752.png,Twin_Bound_65.png
00753.png,Twin_Bound_66.png
00754.png,Twin_Bound_67.png
00755.png,Twin_Bound_68.png
00756.png,Twin_Bound_69.png
00757.png,Twin_Bound_7.png
00758.png,Twin_Bound_70.png
00759.png,Twin_Bound_71.png
00760.png,Twin_Bound_72.png
00761.png,Twin_Bound_73.png
00762.png,Twin_Bound_74.png
00763.png,Twin_Bound_75.png
00764.png,Twin_Bound_76.png
00765.png,Twin_Bound_77.png
00766.png,Twin_Bound_78.png
00767.png,Twin_Bound_79.png
00768.png,Twin_Bound_8.png
00769.png,Twin_Bound_80.png
00770.png,Twin_Bound_81.png
00771.png,Twin_Bound_82.png
00772.png,Twin_Bound_83.png
00773.png,Twin_Bound_84.png
00774.png,Twin_Bound_85.png
00775.png,Twin_Bound_86.png
00776.png,Twin_Bound_87.png
00777.png,Twin_Bound_88.png
00778.png,Twin_Bound_89.png
00779.png,Twin_Bound_9.png
00780.png,Twin_Bound_90.png
00781.png,Twin_Bound_91.png
00782.png,Twin_Bound_92.png
00783.png,Twin_Bound_93.png
00784.png,Twin_Bound_94.png
00785.png,Twin_Bound_95.png
00786.png,Twin_Bound_96.png
00787.png,Twin_Bound_97.png
00788.png,Twin_Bound_98.png
00789.png,Twin_Bound_99.png
00790.png,Vacancy_CdTe_0.png
00791.png,Vacancy_CdTe_1.png
00792.png,Vacancy_CdTe_10.png
00793.png,Vacancy_CdTe_100.png
00794.png,Vacancy_CdTe_101.png
00795.png,Vacancy_CdTe_102.png
00796.png,Vacancy_CdTe_103.png
00797.png,Vacancy_CdTe_104.png
00798.png,Vacancy_CdTe_105.png
00799.png,Vacancy_CdTe_106.png
00800.png,Vacancy_CdTe_107.png
00801.png,Vacancy_CdTe_108.png
00802.png,Vacancy_CdTe_109.png
00803.png,Vacancy_CdTe_11.png
00804.png,Vacancy_CdTe_110.png
00805.png,Vacancy_CdTe_111.png
00806.png,Vacancy_CdTe_112.png
00807.png,Vacancy_CdTe_113.png
00808.png,Vacancy_CdTe_114.png
00809.png,Vacancy_CdTe_115.png
00810.png,Vacancy_CdTe_116.png
00811.png,Vacancy_CdTe_117.png
00812.png,Vacancy_CdTe_118.png
00813.png,Vacancy_CdTe_119.png
00814.png,Vacancy_CdTe_12.png
00815.png,Vacancy_CdTe_120.png
00816.png,Vacancy_CdTe_121.png
00817.png,Vacancy_CdTe_122.png
00818.png,Vacancy_CdTe_123.png
00819.png,Vacancy_CdTe_124.png
00820.png,Vacancy_CdTe_125.png
00821.png,Vacancy_CdTe_126.png
00822.png,Vacancy_CdTe_127.png
00823.png,Vacancy_CdTe_128.png
00824.png,Vacancy_CdTe_129.png
00825.png,Vacancy_CdTe_13.png
00826.png,Vacancy_CdTe_130.png
00827.png,Vacancy_CdTe_131.png
00828.png,Vacancy_CdTe_132.png
00829.png,Vacancy_CdTe_133.png
00830.png,Vacancy_CdTe_134.png
00831.png,Vacancy_CdTe_135.png
00832.png,Vacancy_CdTe_136.png
00833.png,Vacancy_CdTe_137.png
00834.png,Vacancy_CdTe_138.png
00835.png,Vacancy_CdTe_139.png
00836.png,Vacancy_CdTe_14.png
00837.png,Vacancy_CdTe_140.png
00838.png,Vacancy_CdTe_141.png
00839.png,Vacancy_CdTe_142.png
00840.png,Vacancy_CdTe_143.png
00841.png,Vacancy_CdTe_144.png
00842.png,Vacancy_CdTe_145.png
00843.png,Vacancy_CdTe_146.png
00844.png,Vacancy_CdTe_147.png
00845.png,Vacancy_CdTe_148.png
00846.png,Vacancy_CdTe_149.png
00847.png,Vacancy_CdTe_15.png
00848.png,Vacancy_CdTe_150.png
00849.png,Vacancy_CdTe_151.png
00850.png,Vacancy_CdTe_152.png
00851.png,Vacancy_CdTe_153.png
00852.png,Vacancy_CdTe_154.png
00853.png,Vacancy_CdTe_155.png
00854.png,Vacancy_CdTe_156.png
00855.png,Vacancy_CdTe_157.png
00856.png,Vacancy_CdTe_158.png
00857.png,Vacancy_CdTe_159.png
00858.png,Vacancy_CdTe_16.png
00859.png,Vacancy_CdTe_160.png
00860.png,Vacancy_CdTe_161.png
00861.png,Vacancy_CdTe_162.png
00862.png,Vacancy_CdTe_163.png
00863.png,Vacancy_CdTe_164.png
00864.png,Vacancy_CdTe_165.png
00865.png,Vacancy_CdTe_166.png
00866.png,Vacancy_CdTe_167.png
00867.png,Vacancy_CdTe_168.png
00868.png,Vacancy_CdTe_169.png
00869.png,Vacancy_CdTe_17.png
00870.png,Vacancy_CdTe_170.png
00871.png,Vacancy_CdTe_171.png
00872.png,Vacancy_CdTe_172.png
00873.png,Vacancy_CdTe_173.png
00874.png,Vacancy_CdTe_18.png
00875.png,Vacancy_CdTe_19.png
00876.png,Vacancy_CdTe_2.png
00877.png,Vacancy_CdTe_20.png
00878.png,Vacancy_CdTe_21.png
00879.png,Vacancy_CdTe_22.png
00880.png,Vacancy_CdTe_23.png
00881.png,Vacancy_CdTe_24.png
00882.png,Vacancy_CdTe_25.png
00883.png,Vacancy_CdTe_26.png
00884.png,Vacancy_CdTe_27.png
00885.png,Vacancy_CdTe_28.png
00886.png,Vacancy_CdTe_29.png
00887.png,Vacancy_CdTe_3.png
00888.png,Vacancy_CdTe_30.png
00889.png,Vacancy_CdTe_31.png
00890.png,Vacancy_CdTe_32.png
00891.png,Vacancy_CdTe_33.png
00892.png,Vacancy_CdTe_34.png
00893.png,Vacancy_CdTe_35.png
00894.png,Vacancy_CdTe_36.png
00895.png,Vacancy_CdTe_37.png
00896.png,Vacancy_CdTe_38.png
00897.png,Vacancy_CdTe_39.png
00898.png,Vacancy_CdTe_4.png
00899.png,Vacancy_CdTe_40.png
00900.png,Vacancy_CdTe_41.png
00901.png,Vacancy_CdTe_42.png
00902.png,Vacancy_CdTe_43.png
00903.png,Vacancy_CdTe_44.png
00904.png,Vacancy_CdTe_45.png
00905.png,Vacancy_CdTe_46.png
00906.png,Vacancy_CdTe_47.png
00907.png,Vacancy_CdTe_48.png
00908.png,Vacancy_CdTe_49.png
00909.png,Vacancy_CdTe_5.png
00910.png,Vacancy_CdTe_50.png
00911.png,Vacancy_CdTe_51.png
00912.png,Vacancy_CdTe_52.png
00913.png,Vacancy_CdTe_53.png
00914.png,Vacancy_CdTe_54.png
00915.png,Vacancy_CdTe_55.png
00916.png,Vacancy_CdTe_56.png
00917.png,Vacancy_CdTe_57.png
00918.png,Vacancy_CdTe_58.png
00919.png,Vacancy_CdTe_59.png
00920.png,Vacancy_CdTe_6.png
00921.png,Vacancy_CdTe_60.png
00922.png,Vacancy_CdTe_61.png
00923.png,Vacancy_CdTe_62.png
00924.png,Vacancy_CdTe_63.png
00925.png,Vacancy_CdTe_64.png
00926.png,Vacancy_CdTe_65.png
00927.png,Vacancy_CdTe_66.png
00928.png,Vacancy_CdTe_67.png
00929.png,Vacancy_CdTe_68.png
00930.png,Vacancy_CdTe_69.png
00931.png,Vacancy_CdTe_7.png
00932.png,Vacancy_CdTe_70.png
00933.png,Vacancy_CdTe_71.png
00934.png,Vacancy_CdTe_72.png
00935.png,Vacancy_CdTe_73.png
00936.png,Vacancy_CdTe_74.png
00937.png,Vacancy_CdTe_75.png
00938.png,Vacancy_CdTe_76.png
00939.png,Vacancy_CdTe_77.png
00940.png,Vacancy_CdTe_78.png
00941.png,Vacancy_CdTe_79.png
00942.png,Vacancy_CdTe_8.png
00943.png,Vacancy_CdTe_80.png
00944.png,Vacancy_CdTe_81.png
00945.png,Vacancy_CdTe_82.png
00946.png,Vacancy_CdTe_83.png
00947.png,Vacancy_CdTe_84.png
00948.png,Vacancy_CdTe_85.png
00949.png,Vacancy_CdTe_86.png
00950.png,Vacancy_CdTe_87.png
00951.png,Vacancy_CdTe_88.png
00952.png,Vacancy_CdTe_89.png
00953.png,Vacancy_CdTe_9.png
00954.png,Vacancy_CdTe_90.png
00955.png,Vacancy_CdTe_91.png
00956.png,Vacancy_CdTe_92.png
00957.png,Vacancy_CdTe_93.png
00958.png,Vacancy_CdTe_94.png
00959.png,Vacancy_CdTe_95.png
00960.png,Vacancy_CdTe_96.png
00961.png,Vacancy_CdTe_97.png
00962.png,Vacancy_CdTe_98.png
00963.png,Vacancy_CdTe_99.png
00964.png,interstitial_0.png
00965.png,interstitial_1.png
00966.png,interstitial_10.png
00967.png,interstitial_100.png
00968.png,interstitial_101.png
00969.png,interstitial_102.png
00970.png,interstitial_103.png
00971.png,interstitial_104.png
00972.png,interstitial_105.png
00973.png,interstitial_106.png
00974.png,interstitial_107.png
00975.png,interstitial_108.png
00976.png,interstitial_109.png
00977.png,interstitial_11.png
00978.png,interstitial_110.png
00979.png,interstitial_111.png
00980.png,interstitial_112.png
00981.png,interstitial_113.png
00982.png,interstitial_114.png
00983.png,interstitial_115.png
00984.png,interstitial_116.png
00985.png,interstitial_117.png
00986.png,interstitial_118.png
00987.png,interstitial_119.png
00988.png,interstitial_12.png
00989.png,interstitial_120.png
00990.png,interstitial_121.png
00991.png,interstitial_122.png
00992.png,interstitial_123.png
00993.png,interstitial_124.png
00994.png,interstitial_125.png
00995.png,interstitial_126.png
00996.png,interstitial_127.png
00997.png,interstitial_128.png
00998.png,interstitial_129.png
00999.png,interstitial_13.png
01000.png,interstitial_130.png
01001.png,interstitial_131.png
01002.png,interstitial_132.png
01003.png,interstitial_133.png
01004.png,interstitial_134.png
01005.png,interstitial_135.png
01006.png,interstitial_136.png
01007.png,interstitial_137.png
01008.png,interstitial_138.png
01009.png,interstitial_139.png
01010.png,interstitial_14.png
01011.png,interstitial_140.png
01012.png,interstitial_141.png
01013.png,interstitial_142.png
01014.png,interstitial_143.png
01015.png,interstitial_144.png
01016.png,interstitial_145.png
01017.png,interstitial_146.png
01018.png,interstitial_147.png
01019.png,interstitial_148.png
01020.png,interstitial_149.png
01021.png,interstitial_15.png
01022.png,interstitial_150.png
01023.png,interstitial_151.png
01024.png,interstitial_152.png
01025.png,interstitial_153.png
01026.png,interstitial_154.png
01027.png,interstitial_16.png
01028.png,interstitial_17.png
01029.png,interstitial_18.png
01030.png,interstitial_19.png
01031.png,interstitial_2.png
01032.png,interstitial_20.png
01033.png,interstitial_21.png
01034.png,interstitial_22.png
01035.png,interstitial_23.png
01036.png,interstitial_24.png
01037.png,interstitial_25.png
01038.png,interstitial_26.png
01039.png,interstitial_27.png
01040.png,interstitial_28.png
01041.png,interstitial_29.png
01042.png,interstitial_3.png
01043.png,interstitial_30.png
01044.png,interstitial_31.png
01045.png,interstitial_32.png
01046.png,interstitial_33.png
01047.png,interstitial_34.png
01048.png,interstitial_35.png
01049.png,interstitial_36.png
01050.png,interstitial_37.png
01051.png,interstitial_38.png
01052.png,interstitial_39.png
01053.png,interstitial_4.png
01054.png,interstitial_40.png
01055.png,interstitial_41.png
01056.png,interstitial_42.png
01057.png,interstitial_43.png
01058.png,interstitial_44.png
01059.png,interstitial_45.png
01060.png,interstitial_46.png
01061.png,interstitial_47.png
01062.png,interstitial_48.png
01063.png,interstitial_49.png
01064.png,interstitial_5.png
01065.png,interstitial_50.png
01066.png,interstitial_51.png
01067.png,interstitial_52.png
01068.png,interstitial_53.png
01069.png,interstitial_54.png
01070.png,interstitial_55.png
01071.png,interstitial_56.png
01072.png,interstitial_57.png
01073.png,interstitial_58.png
01074.png,interstitial_59.png
01075.png,interstitial_6.png
01076.png,interstitial_60.png
01077.png,interstitial_61.png
01078.png,interstitial_62.png
01079.png,interstitial_63.png
01080.png,interstitial_64.png
01081.png,interstitial_65.png
01082.png,interstitial_66.png
01083.png,interstitial_67.png
01084.png,interstitial_68.png
01085.png,interstitial_69.png
01086.png,interstitial_7.png
01087.png,interstitial_70.png
01088.png,interstitial_71.png
01089.png,interstitial_72.png
01090.png,interstitial_73.png
01091.png,interstitial_74.png
01092.png,interstitial_75.png
01093.png,interstitial_76.png
01094.png,interstitial_77.png
01095.png,interstitial_78.png
01096.png,interstitial_79.png
01097.png,interstitial_8.png
01098.png,interstitial_80.png
01099.png,interstitial_81.png
01100.png,interstitial_82.png
01101.png,interstitial_83.png
01102.png,interstitial_84.png
01103.png,interstitial_85.png
01104.png,interstitial_86.png
01105.png,interstitial_87.png
01106.png,interstitial_88.png
01107.png,interstitial_89.png
01108.png,interstitial_9.png
01109.png,interstitial_90.png
01110.png,interstitial_91.png
01111.png,interstitial_92.png
01112.png,interstitial_93.png
01113.png,interstitial_94.png
01114.png,interstitial_95.png
01115.png,interstitial_96.png
01116.png,interstitial_97.png
01117.png,interstitial_98.png
01118.png,interstitial_99.png
